week,month,year,date,city.id,com.id,gps,lat,long,id.surv,un.enrichment,isotope,container.id,type.container,water.depth,sed.depth,diameter,est.water.lit,isotope.ml,larvae,aedes.larvae,culex.larvae,other.larvae,1.instar,2.instar,3.instar,4.instar,pupa,notes
37,9,17,2017-09-11,1,1,364,-98.054762,26.127132,1,1C091117,C,1,2,10,7,46,7,1.4,1,0,0,0,0,0,0,0,0,NA
37,9,17,2017-09-11,1,1,364,-98.054762,26.127132,1,2C091117,C,2,1,5,14,15,0.8,0.2,0,0,0,0,0,0,0,0,0,8 tires total with and without water
37,9,17,2017-09-11,1,1,365,-98.05482,26.127413,1,3C091117,C,3,1,10,3,25,3,0.6,0,0,0,0,0,0,0,0,0,NA
37,9,17,2017-09-11,1,1,365,-98.05482,26.127413,1,5C091117,C,5,2,15,3,40,10,1,0,0,0,0,0,0,0,0,0,NA
37,9,17,2017-09-11,1,1,365,-98.05482,26.127413,1,6C091117,C,6,1,10,7,10,1,0.2,0,0,0,0,0,0,0,0,0,NA
37,9,17,2017-09-11,1,1,365,-98.05482,26.127413,1,7C091117,C,7,1,5,10,15,0.7,0.1,1,0,0,0,0,1,0,0,0,NA
37,9,17,2017-09-11,1,1,365,-98.05482,26.127413,1,8C091117,C,8,6,4,4,28,1.5,0.3,0,0,0,0,0,0,0,0,0,NA
37,9,17,2017-09-11,1,1,365,-98.05482,26.127413,1,9C091117,C,9,1,5,3,25,3,0.6,0,0,0,0,0,0,0,0,0,NA
37,9,17,2017-09-11,1,1,365,-98.05482,26.127413,1,10C091117,C,10,1,10,5,20,4,0.8,0,0,0,0,0,0,0,0,0,NA
37,9,17,2017-09-11,1,1,365,-98.05482,26.127413,1,11C091117,C,11,1,10,5,20,1.5,0.3,0,0,0,0,0,0,0,0,0,NA
37,9,17,2017-09-11,1,1,365,-98.05482,26.127413,1,12C091117,C,12,2,4,10,10,1,0.2,0,0,0,0,0,0,0,0,0,NA
37,9,17,2017-09-11,1,1,365,-98.05482,26.127413,1,13C091117,C,13,1,15,10,45,7,1.4,0,0,0,0,0,0,0,0,0,NA
37,9,17,2017-09-11,1,1,365,-98.05482,26.127413,1,14C091117,C,14,1,3,5,29,1.5,0.3,0,0,0,0,0,0,0,0,0,NA
37,9,17,2017-09-11,1,1,365,-98.05482,26.127413,1,15C091117,C,15,1,5,4,20,2,0.4,0,0,0,0,0,0,0,0,0,NA
37,9,17,2017-09-11,1,1,365,-98.05482,26.127413,1,16C091117,C,16,1,5,5,32,3,0.6,0,0,0,0,0,0,0,0,0,NA
37,9,17,2017-09-11,1,1,366,-98.054958,26.128017,1,28C091117,C,28,1,15,3,25,10,2,0,0,0,0,0,0,0,0,0,NA
37,9,17,2017-09-11,1,1,366,-98.054958,26.128017,1,29C091117,C,29,4,10,10,25,2.5,0.5,0,0,0,0,0,0,0,0,0,NA
37,9,17,2017-09-11,1,1,366,-98.054958,26.128017,1,30C091117,C,30,4,15,,20,3,0.6,0,0,0,0,0,0,0,0,0,NA
37,9,17,2017-09-11,1,1,366,-98.054958,26.128017,1,31C091117,C,31,4,20,5,20,3.5,0.7,0,0,0,0,0,0,0,0,0,NA
37,9,17,2017-09-11,1,1,368,-98.054959,26.128233,1,34C091117,C,34,4,15,5,20,4,0.8,1,0,0,0,0,0,1,1,0,NA
37,9,17,2017-09-11,1,1,368,-98.054959,26.128233,1,35C091117,C,35,3,10,0,10,1.5,0.3,0,0,0,0,0,0,0,0,0,NA
37,9,17,2017-09-11,1,1,367,-98.054973,26.128125,1,38C091117,C,38,6,25,1,100,50,10,0,0,0,0,0,0,0,0,0,NA
37,9,17,2017-09-11,1,1,369,-98.054936,26.129065,1,53C091117,C,53,1,5,3,10,0.5,0.1,0,0,0,0,0,0,0,0,0,NA
37,9,17,2017-09-11,1,1,369,-98.054936,26.129065,1,54C091117,C,54,4,3,0,14,0.5,0.1,0,0,0,0,0,0,0,0,0,Sink
37,9,17,2017-09-11,1,1,369,-98.054936,26.129065,1,55C091117,C,55,4,2,0,14,0.5,0.1,0,0,0,0,0,0,0,0,0,Toilet bowl
37,9,17,2017-09-11,1,1,369,-98.054936,26.129065,1,56C091117,C,56,4,3,0,15,0.5,0.1,0,0,0,0,0,0,0,0,0,Toilet bowl
37,9,17,2017-09-11,1,1,369,-98.054936,26.129065,1,57C091117,C,57,3,2,3,14,1,0.2,0,0,0,0,0,0,0,0,0,NA
37,9,17,2017-09-11,1,1,369,-98.054936,26.129065,1,58C091117,C,58,3,4,0,8,0.5,0.1,0,0,0,0,0,0,0,0,0,NA
37,9,17,2017-09-12,1,1,371,-98.055106,26.130036,1,5N091217,N,5,2,10,3,45,8,1.6,1,1,0,0,0,0,0,1,0,NA
37,9,17,2017-09-12,1,1,371,-98.055106,26.130036,1,6N091217,N,6,1,7,3,30,5,1,0,0,0,0,0,0,0,0,0,NA
37,9,17,2017-09-12,1,1,371,-98.055106,26.130036,1,7N091217,N,7,1,5,3,30,4,0.8,1,0,0,0,0,0,1,0,0,NA
37,9,17,2017-09-12,1,1,372,-98.055149,26.130535,1,11N091217,N,11,1,1,8,5,0.5,0.1,0,0,0,0,0,0,0,0,0,NA
37,9,17,2017-09-12,1,1,372,-98.055149,26.130535,1,12N091217,N,12,1,7,4,17,3,0.6,1,1,0,0,0,0,1,1,0,NA
37,9,17,2017-09-12,1,1,372,-98.055149,26.130535,1,13N091217,N,13,1,5,1,20,3,0.6,0,0,0,0,0,0,0,0,0,NA
37,9,17,2017-09-12,1,1,372,-98.055149,26.130535,1,14N091217,N,14,1,6,1,30,3,0.6,0,0,0,0,0,0,0,0,1,NA
37,9,17,2017-09-12,1,1,373,-98.055166,26.130693,1,17N091217,N,17,1,10,2,16,4,0.8,0,0,0,0,0,0,0,0,0,NA
38,9,17,2017-09-21,1,1,434,-98.05482,26.127413,1,5C092117,C,5,2,6.5,2,66,5,1,1,1,0,0,0,1,1,1,1,NA
38,9,17,2017-09-21,1,1,434,-98.05482,26.127413,1,7C092117,C,7,1,4.5,1,32,2.5,0.5,1,1,0,0,0,1,1,0,1,NA
38,9,17,2017-09-21,1,1,441,-98.055104,26.129732,3,1CN092117,CN,1,4,5,1,60,6,1.2,1,0,0,0,1,1,1,1,0,NA
38,9,17,2017-09-21,1,1,442,-98.055106,26.130036,3,5N092117,N,5,1,4,0,60,7,1.4,0,0,0,0,0,0,0,0,0,NA
38,9,17,2017-09-21,1,1,442,-98.055106,26.130036,3,6N092117,N,6,1,2,0,0,2,0.4,0,0,0,0,0,0,0,0,0,NA
38,9,17,2017-09-21,1,1,443,-98.055106,26.130036,3,7N092117,N,7,1,5,1,70,3,0.6,1,0,0,0,0,1,1,0,0,NA
38,9,17,2017-09-21,1,1,444,-98.055197,26.130204,3,8N092117,N,8,1,1,0.1,45,0.5,0.1,0,0,0,0,0,0,0,0,0,Pupae casings
38,9,17,2017-09-21,1,1,444,-98.055197,26.130204,3,9N092117,N,9,4,2,1,15,1,0.2,1,0,0,0,0,0,1,1,1,NA
38,9,17,2017-09-21,1,1,444,-98.055197,26.130204,3,10N092117,N,10,5,7,8,60,8,1.6,1,0,0,0,1,1,1,0,1,NA
38,9,17,2017-09-21,1,1,445,-98.055157,26.130569,3,11N092117,N,11,1,6,0,45,4.5,0.9,0,0,0,0,0,0,0,0,0,NA
38,9,17,2017-09-21,1,1,445,-98.055157,26.130569,3,12N092117,N,12,1,3,3,25,1.5,0.3,0,0,0,0,0,0,0,0,0,NA
38,9,17,2017-09-21,1,1,445,-98.055157,26.130569,3,13N092117,N,13,1,1.5,0.3,25,1.5,0.3,0,0,0,0,0,0,0,0,0,NA
38,9,17,2017-09-21,1,1,445,-98.055157,26.130569,3,14N092117,N,14,1,3,0.2,50,2,0.4,0,0,0,0,0,0,0,0,0,NA
38,9,17,2017-09-21,1,1,446,-98.055174,26.13063,3,18N092117,N,18,1,4,0,0,3,0.6,0,0,0,0,0,0,0,0,0,NA
38,9,17,2017-09-21,1,1,443,-98.055131,26.130067,3,20N092117,N,20,1,1,0.1,14,0.5,0.1,1,0,1,0,1,1,0,0,0,NA
38,9,17,2017-09-21,1,1,435,-98.055032,26.127929,1,19C092117,C,19,1,3.5,1,27,1.5,0.3,1,0,0,0,1,1,1,0,0,NA
38,9,17,2017-09-21,1,1,435,-98.055032,26.127929,1,20C092117,C,20,1,6,2,55,5,1,1,1,0,0,1,1,1,1,1,NA
38,9,17,2017-09-21,1,1,436,-98.055045,26.127944,1,21C092117,C,21,4,6,4,30,2,0.4,1,1,0,0,1,1,1,1,1,NA
38,9,17,2017-09-21,1,1,435,-98.055032,26.127929,1,23C092117,C,23,3,5,0,10,0.5,0.1,0,0,0,0,0,0,0,0,0,NA
38,9,17,2017-09-21,1,1,435,-98.055032,26.127929,1,24C092117,C,24,3,2,0.1,13,0.5,0.1,1,0,0,0,0,0,1,1,0,NA
38,9,17,2017-09-21,1,1,436,-98.055045,26.127944,1,25C092117,C,25,1,5,0.5,45,6,1.2,1,0,0,0,0,1,1,1,0,NA
38,9,17,2017-09-21,1,1,439,-98.054959,26.128233,3,34C092117,C,34,4,6,0,29,5,1,1,1,0,0,1,1,1,1,1,NA
38,9,17,2017-09-21,1,1,440,-98.055012,26.128348,3,36C092117,C,36,3,2.5,1,50,2,0.4,1,0,0,0,0,1,1,0,0,NA
38,9,17,2017-09-21,1,1,440,-98.054973,26.128125,3,38C092117,C,38,1,3,0,60,1.5,0.3,0,0,0,0,0,0,0,0,0,NA
38,9,17,2017-09-21,1,1,440,-98.055012,26.128348,3,39C092117,C,39,4,3.5,1,55,4,0.8,1,0,1,0,0,1,1,0,0,T.V.
38,9,17,2017-09-21,1,1,440,-98.055012,26.128348,3,40C092117,C,40,1,3,0.2,60,1.3,0.3,1,0,0,0,0,1,1,1,0,NA
38,9,17,2017-09-21,1,1,435,-98.055032,26.127929,1,46C092117,C,46,3,6.5,0.5,40,3,0.6,0,0,0,0,0,0,0,0,0,NA
38,9,17,2017-09-21,1,1,436,-98.055032,26.127929,1,47C092117,C,47,4,2,1,30,0.5,0.1,0,0,0,0,0,0,0,0,0,NA
38,9,17,2017-09-21,1,1,436,-98.055045,26.127944,1,48C092117,C,48,4,7,1,30,7,1.4,0,0,0,0,0,0,0,0,1,NA
38,9,17,2017-09-21,1,1,438,-98.054986,26.128124,3,49C092117,C,49,5,6,0.1,60,3.8,0.8,0,0,0,0,0,0,0,0,0,NA
38,9,17,2017-09-21,1,1,438,-98.054986,26.128124,3,50C092117,C,50,3,3,0.2,15,1.5,0.3,0,0,0,0,0,0,0,0,0,NA
38,9,17,2017-09-21,1,1,439,-98.054936,26.12825,3,51C092117,C,51,1,5,4,15,0.5,0.1,0,0,0,0,0,0,0,0,0,NA
39,9,17,2017-09-27,1,1,448,-98.054762,26.127132,3,1C092717,C,1,2,7,4,70,30,12,0,0,0,0,0,0,0,0,0,1st time double enrichment
39,9,17,2017-09-27,1,1,448,-98.054762,26.127132,3,2C092717,C,2,1,6,4,20,3,1.2,0,0,0,0,0,0,0,0,0,1st time double enrichment
39,9,17,2017-09-27,1,1,449,-98.05482,26.127413,3,3C092717,C,3,1,3,1,20,2,0.8,0,0,0,0,0,0,0,0,0,1st time double enrichment
39,9,17,2017-09-27,1,1,449,-98.05482,26.127413,3,4C092717,C,4,1,7,3,60,7,1.4,1,0,0,0,0,0,1,1,1,NA
39,9,17,2017-09-27,1,1,449,-98.05482,26.127413,3,5C092717,C,5,2,5,1,30,5,1,0,0,0,0,0,0,0,0,0,1st time double enrichment
39,9,17,2017-09-27,1,1,449,-98.05482,26.127413,3,6C092717,C,6,1,8,5,32,60,12,0,0,0,0,0,0,0,0,0,NA
39,9,17,2017-09-27,1,1,449,-98.05482,26.127413,3,7C092717,C,7,1,8,3,45,3,0.6,1,1,0,0,0,1,1,0,1,NA
39,9,17,2017-09-27,1,1,449,-98.05482,26.127413,3,8C092717,C,8,1,4,1,32,2,0.8,1,0,0,0,0,0,0,0,0,NA
39,9,17,2017-09-27,1,1,449,-98.05482,26.127413,3,9C092717,C,9,2,5,1,45,5,1,0,0,0,0,0,0,0,0,0,NA
39,9,17,2017-09-27,1,1,1,-98.055104,26.129732,3,1CN092717,CN,1,4,5,0.5,45,10,2,1,1,0,0,1,1,1,0,1,NA
39,9,17,2017-09-27,1,1,2,-98.0550696,26.129885,3,2N092717,N,2,1,5,0.5,60,15,3,0,0,0,0,0,0,0,0,0,NA
39,9,17,2017-09-27,1,1,2,-98.0550696,26.129885,3,3N092717,N,3,1,3,0.5,45,6,1.2,0,0,0,0,0,0,0,0,0,NA
39,9,17,2017-09-27,1,1,3,-98.055125,26.130072,3,4N092717,N,4,3,2.5,0.5,30,1.5,6,0,0,0,0,0,0,0,0,0,NA
39,9,17,2017-09-27,1,1,3,-98.055106,26.130036,3,5N092717,N,5,1,5,0.5,60,15,6,1,0,0,0,1,1,1,0,0,Tires by Pine trees
39,9,17,2017-09-27,1,1,449,-98.05482,26.127413,3,10C092717,C,10,2,5,1,42,5,2,1,0,0,0,0,0,1,1,0,1st time double enrichment
39,9,17,2017-09-27,1,1,449,-98.05482,26.127413,3,11C092717,C,11,1,5,2,45,4,1.6,0,0,0,0,0,0,0,0,0,1st time double enrichment
39,9,17,2017-09-27,1,1,449,-98.05482,26.127413,3,12C092717,C,12,2,7,1,36,2,0.4,1,0,0,0,0,0,1,1,1,1st time double enrichment
39,9,17,2017-09-27,1,1,450,-98.05482,26.127413,3,16C092717,C,16,4,2,0.1,20,2,0.8,0,0,0,0,0,0,0,0,0,Double dose
39,9,17,2017-09-27,1,1,450,-98.055032,26.127929,3,17C092717,C,17,1,3,2,45,3,1.2,0,0,0,0,0,0,0,0,0,Double dose
39,9,17,2017-09-27,1,1,3,-98.055106,26.130036,3,6N092717,N,6,1,5,2,35,7,1.4,1,1,0,0,0,1,1,0,0,Tires by Pine trees
39,9,17,2017-09-27,1,1,3,-98.055106,26.130036,3,7N092717,N,7,1,4,2,35,6,1.2,1,0,0,0,1,1,1,0,0,Tires by Pine trees
39,9,17,2017-09-27,1,1,4,-98.055197,26.130204,3,8N092717,N,8,1,4.5,0.5,45,6,1.2,0,0,0,0,0,0,0,0,0,Behind house with shingles in back 
39,9,17,2017-09-27,1,1,4,-98.055197,26.130204,3,9N092717,N,9,4,5,0.5,30,5,2,1,0,1,0,0,0,1,1,1,NA
39,9,17,2017-09-27,1,1,4,-98.055197,26.130204,3,10N092717,N,10,5,10,11,60,15,3,1,0,0,0,1,1,1,0,0,NA
39,9,17,2017-09-27,1,1,5,-98.055157,26.130569,3,11N092717,N,11,1,4,0.1,25,3,1.2,1,1,0,0,1,1,0,0,0,1st time double enrichment
39,9,17,2017-09-27,1,1,5,-98.055157,26.130569,3,12N092717,N,12,1,3,1,15,1,0.4,0,0,0,0,0,0,0,0,0,1st time double enrichment
39,9,17,2017-09-27,1,1,5,-98.055157,26.130569,3,13N092717,N,13,1,8,1,45,10,4,1,0,0,0,0,1,1,1,0,1st time double enrichment
39,9,17,2017-09-27,1,1,5,-98.055157,26.130569,3,14N092717,N,14,1,5,0.5,25,4,1.6,1,1,0,0,0,0,1,1,0,1st time double enrichment Aedes adult nesting
39,9,17,2017-09-27,1,1,5,-98.055199,26.1304957,3,15N092717,N,15,1,6,1,45,7,1.4,1,0,0,0,0,0,1,1,1,NA
39,9,17,2017-09-27,1,1,5,-98.055199,26.1304957,3,16N092717,N,16,1,5,0.5,45,5,2,0,0,0,0,0,0,0,0,0,1st time double enrichment
39,9,17,2017-09-27,1,1,6,-98.0552249,26.1307028,3,17N092717,N,17,1,5,0.5,32,5,1,0,0,0,0,0,0,0,0,0,Bees!
39,9,17,2017-09-27,1,1,6,-98.0552249,26.1307028,3,18N092717,N,18,1,6,0.5,32,7.5,1.5,0,0,0,0,0,0,0,0,0,NA
39,9,17,2017-09-27,1,1,6,-98.0552249,26.1307028,3,19N092717,N,19,1,3,3,60,6,2.4,0,0,0,0,0,0,0,0,0,NA
39,9,17,2017-09-27,1,1,3,-98.055125,26.130072,3,21N092717,N,21,1,3,1,45,7,2.8,1,0,0,0,1,1,1,0,0,1st time enrichment trees 10 meteres away from pine
39,9,17,2017-09-27,1,1,4,-98.0551769,26.130211,3,22N092717,N,22,3,2.5,0.2,15,1,0.4,0,0,0,0,0,0,0,0,0,1st time enrichment
39,9,17,2017-09-27,1,1,5,-98.055199,26.1304957,3,23N092717,N,23,1,5,0.5,32,5,2,1,0,0,0,1,1,1,1,1,1st time double enrichment
39,9,17,2017-09-27,1,1,5,-98.055199,26.1304957,3,24N092717,N,24,1,2,1,45,4,1.6,1,0,0,0,0,0,1,1,0,1st time double enrichment
39,9,17,2017-09-27,1,1,450,-98.055032,26.127929,3,18C092717,C,18,4,8,0.3,15,5,1,1,1,0,0,0,0,1,1,1,NA
39,9,17,2017-09-27,1,1,450,-98.055032,26.127929,3,19C092717,C,19,1,5,0.3,20,5,1,0,0,0,0,0,0,0,0,0,1st time double enrichment
39,9,17,2017-09-27,1,1,450,-98.055045,26.127944,3,21C092717,C,21,4,5,0.1,15,0.5,0.1,0,0,0,0,0,0,0,0,0,NA
39,9,17,2017-09-27,1,1,452,-98.055032,26.127929,3,22C092717,C,22,2,5,0.3,25,2.5,1,1,0,0,0,0,0,1,1,0,Double dose
39,9,17,2017-09-27,1,1,450,-98.055032,26.127929,3,23C092717,C,23,3,5,0.2,13,0.5,0.1,1,0,0,0,0,0,1,1,1,NA
39,9,17,2017-09-27,1,1,450,-98.055032,26.127929,3,24C092717,C,24,3,7,1,17,0.5,0.1,1,0,0,0,0,0,1,0,0,NA
39,9,17,2017-09-27,1,1,450,-98.055045,26.127944,3,25C092717,C,25,1,8,0.1,37,3,0.6,0,0,0,0,0,0,0,0,0,NA
39,9,17,2017-09-27,1,1,450,-98.055032,26.127929,3,26C092717,C,26,1,5,0.2,27,2,0.4,0,0,0,0,0,0,0,0,0,NA
39,9,17,2017-09-27,1,1,450,-98.055032,26.127929,3,27C092717,C,27,1,4,0.2,42,4,0.8,0,0,0,0,0,0,0,0,0,NA
39,9,17,2017-09-27,1,1,453,-98.054958,26.128017,3,28C092717,C,28,1,4,1,42,5,2,1,1,0,0,0,1,1,0,0,Double dose
39,9,17,2017-09-27,1,1,453,-98.054958,26.128017,3,29C092717,C,29,4,20,15,30,5,1,1,1,0,0,1,1,1,1,1,NA
39,9,17,2017-09-27,1,1,453,-98.054958,26.128017,3,30C092717,C,30,4,10,2,30,10,2,1,1,0,0,0,0,1,1,1,NA
39,9,17,2017-09-27,1,1,453,-98.054958,26.128017,3,31C092717,C,31,4,5,1,20,3,0.6,1,0,0,0,1,1,1,1,1,NA
39,9,17,2017-09-27,1,1,455,-98.054959,26.128233,3,34C092717,C,34,4,8,0.1,30,10,2,1,1,0,0,0,1,1,1,1,NA
39,9,17,2017-09-27,1,1,455,-98.054959,26.128233,3,35C092717,C,35,3,6,2,15,1.5,0.3,1,0,0,0,0,0,0,1,1,NA
39,9,17,2017-09-27,1,1,456,-98.055012,26.128348,3,37C092717,C,37,1,5,0.3,34,6,2.4,0,0,0,0,0,0,0,0,0,1st time double enrichment
39,9,17,2017-09-27,1,1,456,-98.054973,26.128125,3,38C092717,C,38,1,3,1,50,7,2.8,0,0,0,0,0,0,0,0,0,Double enrichment
39,9,17,2017-09-27,1,1,456,-98.055012,26.128348,3,39C092717,C,39,4,7,2,45,5,1,0,0,0,0,0,0,0,0,0,NA
39,9,17,2017-09-27,1,1,456,-98.055012,26.128348,3,40C092717,C,40,1,4,0.1,45,10,2,1,0,0,0,1,1,1,0,1,T.V.
39,9,17,2017-09-27,1,1,456,-98.055012,26.128348,3,41C092717,C,41,1,5,1,60,7,2.7,0,0,0,0,0,0,0,0,0,1st time double enrichment next to TV
39,9,17,2017-09-27,1,1,457,-98.054936,26.129065,3,43C092717,C,43,1,4,1,30,7,2.8,0,0,0,0,0,0,0,0,0,1st time double enrichment
39,9,17,2017-09-27,1,1,457,-98.054936,26.129065,3,44C092717,C,44,1,4,1,35,1.5,0.6,0,0,0,0,0,0,0,0,0,1st time double enrichment
39,9,17,2017-09-27,1,1,454,-98.054959,26.128233,3,52C092717,C,52,6,5,0.1,100,10,2,1,0,1,0,0,1,1,0,0,NA
39,9,17,2017-09-27,1,1,456,-98.055012,26.128348,3,53C092717,C,53,1,3,1,42,3,1.2,0,0,0,0,0,0,0,0,0,1st enrichment
40,10,17,2017-10-05,1,1,1,-98.054762,26.127132,1,1C100517,C,1,2,7,3,120,20,8,1,1,0,0,1,1,1,1,1,NA
40,10,17,2017-10-05,1,1,1,-98.054762,26.127132,1,2C100517,C,2,1,3,3,23,2.5,0.5,1,1,0,0,1,1,1,1,1,NA
40,10,17,2017-10-05,1,1,1,-98.05482,26.127413,1,3C100517,C,3,1,4,1,25,2,0.4,1,1,0,0,0,1,1,1,1,NA
40,10,17,2017-10-05,1,1,1,-98.05482,26.127413,1,4C100517,C,4,1,2,5,NA,2,0.8,0,0,0,0,0,0,0,0,0,NA
40,10,17,2017-10-05,1,1,1,-98.05482,26.127413,1,5C100517,C,5,2,10,1,60,20,4,1,0,0,0,1,1,0,0,0,NA
40,10,17,2017-10-05,1,1,1,-98.05482,26.127413,1,6C100517,C,6,1,8,3,30,9,4,1,0,0,0,1,1,1,0,0,NA
40,10,17,2017-10-05,1,1,1,-98.05482,26.127413,1,7C100517,C,7,1,4,1,45,4,1.6,1,0,0,0,0,0,1,1,0,NA
40,10,17,2017-10-05,1,1,1,-98.05482,26.127413,1,8C100517,C,8,6,6,NA,60,20,4,0,0,0,0,0,0,0,0,0,NA
40,10,17,2017-10-05,1,1,1,-98.05482,26.127413,1,9C100517,C,9,1,7,2,23,4,0.8,1,0,0,0,0,1,1,1,1,NA
40,10,17,2017-10-05,1,1,1,-98.05482,26.127413,1,10C100517,C,10,1,6,5,30,4,0.8,1,0,0,0,0,0,1,1,0,NA
40,10,17,2017-10-05,1,1,1,-98.05482,26.127413,1,11C100517,C,11,1,3,1,30,3.5,0.7,1,0,0,0,0,1,1,1,1,NA
40,10,17,2017-10-05,1,1,2,-98.05482,26.127413,5,12C100517,C,12,2,3,3,90,8,2,1,0,0,0,0,1,1,0,0,NA
40,10,17,2017-10-05,1,1,2,-98.05482,26.127413,5,13C100517,C,13,2,5,1,36,3.5,0.7,1,0,0,0,0,0,1,1,1,NA
40,10,17,2017-10-05,1,1,2,-98.05482,26.127413,5,14C100517,C,14,1,4,2.5,80,6,2,1,0,0,0,0,1,0,0,0,NA
40,10,17,2017-10-05,1,1,2,-98.05482,26.127413,5,15C100517,C,15,1,10,1.5,35,5,2,1,0,0,0,1,1,1,1,1,NA
40,10,17,2017-10-05,1,1,3,-98.05482,26.127413,5,16C100517,C,16,4,3,0,30,6,2,1,0,0,0,1,1,1,1,1,NA
40,10,17,2017-10-05,1,1,3,-98.055032,26.127929,5,17C100517,C,17,1,2,0.2,100,4.5,0.9,1,0,0,0,0,1,1,1,1,NA
40,10,17,2017-10-05,1,1,3,-98.055032,26.127929,5,18C100517,C,18,4,12,2,20,4,0.8,1,0,0,0,1,1,1,1,1,NA
40,10,17,2017-10-05,1,1,3,-98.055032,26.127929,5,19C100517,C,19,1,4,2,120,7,1.7,0,0,0,0,0,0,0,0,,BEES!
40,10,17,2017-10-05,1,1,3,-98.055032,26.127929,5,20C100517,C,20,1,3,1,65,1.5,0.3,1,0,0,0,0,0,0,1,1,NA
40,10,17,2017-10-05,1,1,3,-98.055045,26.127944,5,21C100517,C,21,4,17,2.5,32,9,2,0,0,0,0,0,0,0,0,0,NA
40,10,17,2017-10-05,1,1,3,-98.055032,26.127929,5,22C100517,C,22,2,6,0.2,NA,15,3,0,0,0,0,0,0,0,0,0,NA
40,10,17,2017-10-05,1,1,3,-98.055032,26.127929,5,23C100517,C,23,3,6,2.5,20,1,0.1,1,1,0,0,0,0,1,1,1,NA
40,10,17,2017-10-05,1,1,3,-98.055032,26.127929,5,24C100517,C,24,3,5,0.2,10,0.5,0.1,1,0,0,0,1,1,1,1,0,NA
40,10,17,2017-10-05,1,1,3,-98.055045,26.127944,5,25C100517,C,25,1,6,0.1,28,3.5,0.7,NA,0,0,0,0,0,0,0,NA,NA
40,10,17,2017-10-05,1,1,3,-98.055032,26.127929,5,26C100517,C,26,1,6,0.1,45,5,1,1,0,0,0,0,1,1,0,0,NA
40,10,17,2017-10-05,1,1,3,-98.055032,26.127929,5,27C100517,C,27,1,5,4,20,4,0.8,NA,0,0,0,0,0,0,0,NA,NA
40,10,17,2017-10-05,1,1,4,-98.054958,26.128017,5,28C100517,C,28,1,7,0.1,120,20,4,1,0,0,0,1,1,1,0,0,NA
40,10,17,2017-10-05,1,1,4,-98.054958,26.128017,5,29C100517,C,29,4,15,NA,25,10,2,1,0,0,0,1,1,1,0,1,NA
40,10,17,2017-10-05,1,1,4,-98.054958,26.128017,5,30C100517,C,30,4,10,4,30,5.5,1.1,1,0,0,0,0,1,1,1,0,NA
40,10,17,2017-10-05,1,1,4,-98.054958,26.128017,5,31C100517,C,31,4,15,2,30,6,1.1,1,1,0,0,0,0,1,1,1,NA
40,10,17,2017-10-05,1,1,5,-98.054953,26.128106,5,32C100517,C,32,6,10,1,15,2.5,0.5,0,0,0,0,0,0,0,0,0,Pool didnt enrich
40,10,17,2017-10-05,1,1,6,-98.054993,26.128197,5,33C100517,C,33,3,10,1,15,2.5,0.5,1,0,0,0,0,0,1,1,1,NA
40,10,17,2017-10-05,1,1,7,-98.054959,26.128233,5,34C100517,C,34,4,20,0.1,25,10,4,1,1,0,0,1,1,1,1,1,NA
40,10,17,2017-10-05,1,1,7,-98.054959,26.128233,5,35C100517,C,35,3,NA,NA,NA,NA,NA,NA,0,0,0,0,0,0,0,NA,Didnt enrich overflow
40,10,17,2017-10-05,1,1,8,-98.055012,26.128348,5,36C100517,C,36,3,7,0.5,20,3,1.2,1,1,0,0,1,1,1,1,1,NA
40,10,17,2017-10-05,1,1,9,-98.055012,26.128348,5,37C100517,C,37,1,0.2,0.2,20,0.7,0.1,NA,0,0,0,0,0,0,0,0,NA
40,10,17,2017-10-05,1,1,9,-98.054973,26.128125,5,38C100517,C,38,1,4,1,120,8,4,1,0,0,0,0,0,1,1,0,NA
40,10,17,2017-10-05,1,1,9,-98.055012,26.128348,5,39C100517,C,39,4,10,0.1,60,10,2,1,0,0,0,0,0,1,1,1,NA
40,10,17,2017-10-05,1,1,9,-98.055012,26.128348,5,40C100517,C,40,1,5,NA,45,10,4,1,1,0,0,1,1,1,1,1,NA
40,10,17,2017-10-05,1,1,9,-98.055012,26.128348,5,41C100517,C,41,1,6,0.1,120,8,4,1,1,0,0,1,1,1,1,1,NA
40,10,17,2017-10-05,1,1,9,-98.055004,26.128304,5,42C100517,C,42,3,11,3,32,6,2.4,0,0,0,0,0,0,1,1,0,NA
40,10,17,2017-10-05,1,1,9,-98.054936,26.129065,5,43C100517,C,43,1,1.5,4,NA,0.7,0.1,0,0,0,0,0,0,0,0,0,NA
40,10,17,2017-10-05,1,1,10,-98.054936,26.129065,5,44C100517,C,44,1,1.5,4,NA,0.7,0.1,0,0,0,0,0,0,0,0,0,NA
40,10,17,2017-10-05,1,1,10,-98.054935,26.12904,5,45C100517,C,45,1,6,0.2,45,6,1.2,1,1,0,0,1,1,1,1,1,NA
40,10,17,2017-10-05,1,1,11,-98.055104,26.129732,5,1N100517,N,1,4,5,2,40,8,1.6,1,1,0,0,1,1,1,1,1,NA
40,10,17,2017-10-05,1,1,11,-98.0550696,26.129885,5,2N100517,N,2,1,3,0.1,60,6,1.2,NA,0,0,0,0,0,0,0,0,NA
40,10,17,2017-10-05,1,1,11,-98.0550696,26.129885,5,3N100517,N,3,1,5,1,60,8,1.6,NA,0,0,0,0,0,0,0,0,NA
40,10,17,2017-10-05,1,1,12,-98.055125,26.130072,5,4N100517,N,4,3,3,0.1,20,2,0.4,0,0,0,0,0,0,0,0,0,NA
40,10,17,2017-10-05,1,1,12,-98.055106,26.130036,5,5N100517,N,5,1,4.5,0.1,100,8,1.6,1,0,0,0,0,0,1,1,0,NA
40,10,17,2017-10-05,1,1,12,-98.055106,26.130036,5,6N100517,N,6,1,2.5,0.2,100,5,1,0,0,0,0,0,0,0,0,0,NA
40,10,17,2017-10-05,1,1,12,-98.055106,26.130036,5,7N100517,N,7,1,2.5,1,80,4.5,0.9,1,0,0,0,0,0,1,1,1,NA
40,10,17,2017-10-05,1,1,13,-98.055197,26.130204,5,8N100517,N,8,1,5,0.2,45,5,1,1,0,0,0,0,0,1,1,1,NA
40,10,17,2017-10-05,1,1,13,-98.055197,26.130204,5,9N100517,N,9,4,20,NA,30,20,4,0,0,0,0,0,0,0,0,1,NA
40,10,17,2017-10-05,1,1,13,-98.055197,26.130204,5,10N100517,N,10,5,25,20,42,40,8,1,0,0,0,0,1,1,1,1,NA
40,10,17,2017-10-05,1,1,14,-98.055157,26.130569,5,11N100517,N,11,1,4,3,23,2,0.4,0,0,0,0,1,1,0,0,0,NA
40,10,17,2017-10-05,1,1,14,-98.055157,26.130569,5,12N100517,N,12,1,5,NA,30,5,1,1,0,0,0,0,0,1,1,1,NA
40,10,17,2017-10-05,1,1,14,-98.055157,26.130569,5,13N100517,N,13,1,7,1,30,8,1.6,1,0,0,0,0,0,1,1,1,NA
40,10,17,2017-10-05,1,1,14,-98.055157,26.130569,5,14N100517,N,14,1,5,0.2,NA,3,0.6,NA,0,0,0,0,0,0,0,NA,NA
40,10,17,2017-10-05,1,1,14,-98.055199,26.1304957,5,15N100517,N,15,1,6,1,50,6,1.2,1,0,0,0,0,0,1,1,1,NA
40,10,17,2017-10-05,1,1,14,-98.055199,26.1304957,5,16N100517,N,16,1,4.5,0.2,48,4,0.8,1,0,0,0,1,1,1,1,1,NA
40,10,17,2017-10-05,1,1,15,-98.0552249,26.1307028,5,17N100517,N,17,1,NA,NA,NA,NA,1.5,0,0,0,0,0,0,0,0,0,Near wasps
40,10,17,2017-10-05,1,1,15,-98.0552249,26.1307028,5,18N100517,N,18,1,NA,NA,NA,NA,1.6,0,0,0,0,0,0,0,0,0,Near wasps
40,10,17,2017-10-05,1,1,15,-98.0552249,26.1307028,5,19N100517,N,19,NA,NA,NA,NA,NA,2,0,0,0,0,0,0,0,0,0,Covered in grass
41,10,17,2017-10-12,1,1,19,-98.055013,26.127945,5,66C101217,C,66,4,3,1,20,2,0.8,0,0,0,0,0,0,0,0,0,NA
41,10,17,2017-10-12,1,1,19,-98.055013,26.127945,5,27C101217,C,27,1,3.5,0.5,35,5,1,0,0,0,0,0,0,0,0,0,NA
41,10,17,2017-10-12,1,1,20,-98.054981,26.128029,5,29C101217,C,29,4,25,5,35,25,5,1,0,0,0,0,0,1,1,1,NA
41,10,17,2017-10-12,1,1,20,-98.054981,26.128029,5,30C101217,C,30,4,5,2,30,6,1.2,1,1,0,0,0,0,1,1,1,NA
41,10,17,2017-10-12,1,1,20,-98.054981,26.128029,5,31C101217,C,31,4,9.5,1,25,5,1,1,0,0,0,0,0,1,1,1,NA
41,10,17,2017-10-12,1,1,22,-98.054988,26.128195,5,33C101217,C,33,3,5.5,0.5,35,3,0.8,1,0,0,0,0,0,1,1,1,NA
41,10,17,2017-10-12,1,1,23,-98.054937,26.128235,5,34C101217,C,34,4,20,0.5,35,40,10,1,0,0,0,1,1,1,1,1,NA
41,10,17,2017-10-12,1,1,17,-98.054842,26.127399,5,11C101217,C,11,1,3,1.5,30,4,0.8,0,0,0,0,0,0,0,0,0,NA
41,10,17,2017-10-12,1,1,17,-98.054842,26.127399,5,12C101217,C,12,2,8,0,100,15,3,1,0,0,0,1,1,0,0,0,NA
41,10,17,2017-10-12,1,1,17,-98.054842,26.127399,5,13C101217,C,13,2,3,1,20,2,0.4,1,0,0,0,0,0,1,1,1,NA
41,10,17,2017-10-12,1,1,17,-98.054842,26.127399,5,60C101217,C,60,2,10,0.5,40,5,2,1,0,0,0,0,0,1,1,0,NA
41,10,17,2017-10-12,1,1,17,-98.054842,26.127399,5,14C101217,C,14,1,4,1,100,8,1.6,1,0,0,0,0,0,1,1,1,NA
41,10,17,2017-10-12,1,1,17,-98.054842,26.127399,5,61C101217,C,61,1,3,1,25,3,1.2,1,0,0,0,0,1,1,0,0,NA
41,10,17,2017-10-12,1,1,17,-98.054842,26.127399,5,15C101217,C,15,1,12,1,30,10,2,1,1,0,0,1,1,1,1,1,NA
41,10,17,2017-10-12,1,1,18,-98.055066,26.127899,5,16C101217,C,16,4,2,0,0,5,1,1,0,0,0,1,1,1,1,1,NA
41,10,17,2017-10-12,1,1,18,-98.055066,26.127899,5,62C101217,C,62,4,2,0.1,20,1,0.4,0,0,0,0,0,0,0,0,0,NA
41,10,17,2017-10-12,1,1,18,-98.055066,26.127899,5,17C101217,C,17,1,3,1,90,15,3,1,0,0,0,0,0,1,1,1,NA
41,10,17,2017-10-12,1,1,18,-98.055066,26.127899,5,18C101217,C,18,4,9,1,30,2.5,0.5,1,0,0,0,0,1,1,1,0,NA
41,10,17,2017-10-12,1,1,18,-98.055066,26.127899,5,63C101217,C,63,3,3,0.2,20,1.5,0.6,0,0,0,0,0,0,0,0,0,Broken fridge compartment
41,10,17,2017-10-12,1,1,18,-98.055066,26.127899,5,19C101217,C,19,1,3,0,NA,10,2,1,0,0,0,0,0,1,1,0,BEES!
41,10,17,2017-10-12,1,1,18,-98.055066,26.127899,5,20C101217,C,20,1,2,0,NA,3,0.6,1,0,0,0,0,0,1,1,1,BEES!
41,10,17,2017-10-12,1,1,18,-98.055066,26.127899,5,21C101217,C,21,4,12,1,35,1.5,3,0,0,0,0,0,0,0,0,0,NA
41,10,17,2017-10-12,1,1,18,-98.055066,26.127899,5,22C101217,C,22,1,5,1,120,20,4,1,0,0,0,0,0,1,1,0,NA
41,10,17,2017-10-12,1,1,18,-98.055066,26.127899,5,23C101217,C,23,3,3.5,1,10,1,0.2,1,0,0,0,0,1,1,1,0,NA
41,10,17,2017-10-12,1,1,18,-98.055066,26.127899,5,64C101217,C,64,3,2,1,10,1,0.4,1,0,0,0,1,0,0,0,0,NA
41,10,17,2017-10-12,1,1,18,-98.055066,26.127899,5,24C101217,C,24,3,6,1,10,1.5,0.3,1,0,0,0,0,1,1,1,1,NA
41,10,17,2017-10-12,1,1,18,-98.055066,26.127899,5,26C101217,C,26,1,7,0.1,35,4,1,1,1,0,0,0,0,1,1,0,NA
41,10,17,2017-10-12,1,1,19,-98.055013,26.127945,5,65C101217,C,65,4,3,0.1,10,1.5,0.6,1,0,0,0,0,0,1,1,0,NA
41,10,17,2017-10-12,1,1,16,-98.054808,26.12713,5,1C101217,C,1,2,6,1,120,20,4,1,1,0,0,1,1,1,1,1,NA
41,10,17,2017-10-12,1,1,16,-98.054808,26.12713,5,2C101217,C,2,1,4,3,20,4,1,0,0,0,0,0,0,0,0,0,NA
41,10,17,2017-10-12,1,1,17,-98.054842,26.127399,5,3C101217,C,3,1,5,2,15,1.5,0.3,1,0,0,0,1,1,1,1,1,NA
41,10,17,2017-10-12,1,1,17,-98.054842,26.127399,5,4C101217,C,4,1,15,4,25,3,0.6,0,0,0,0,0,0,0,0,0,NA
41,10,17,2017-10-12,1,1,17,-98.054842,26.127399,5,5C101217,C,5,2,10,1.5,60,12,2.4,1,1,0,0,0,1,1,1,1,NA
41,10,17,2017-10-12,1,1,17,-98.054842,26.127399,5,6C101217,C,6,1,6,3,20,2,0.4,1,0,0,0,0,0,1,1,0,NA
41,10,17,2017-10-12,1,1,17,-98.054842,26.127399,5,7C101217,C,7,1,5,3,45,5,1,1,1,0,0,0,0,1,1,0,NA
41,10,17,2017-10-12,1,1,17,-98.054842,26.127399,5,8C101217,C,8,6,4,0,80,35,7,0,0,0,0,0,0,0,0,0,NA
41,10,17,2017-10-12,1,1,17,-98.054842,26.127399,5,9C101217,C,9,1,8,2,40,5,1,1,0,0,0,0,0,1,1,0,NA
41,10,17,2017-10-12,1,1,17,-98.054842,26.127399,5,59C101217,C,59,1,2,NA,5,0.6,1.2,0,0,0,0,0,0,0,0,0,NA
41,10,17,2017-10-12,1,1,17,-98.054842,26.127399,5,10C101217,C,10,1,13,0,30,3,0.6,0,0,0,0,0,0,0,0,0,NA
41,10,17,2017-10-12,1,1,24,-98.055006,26.128302,5,38C101217,C,38,1,4,1,120,15,3,0,0,0,0,0,0,0,0,0,NA
41,10,17,2017-10-12,1,1,26,-98.054939,26.129057,5,43C101217,C,43,1,3,1,30,1,0.2,0,0,0,0,0,0,0,0,0,NA
41,10,17,2017-10-12,1,1,27,-98.055109,26.129746,5,1CN101217,CN,1,4,7,3,50,10,2,1,0,0,0,0,0,1,1,1,NA
41,10,17,2017-10-12,1,1,28,-98.0550696,26.129885,5,2N101217,N,2,1,3,1,100,20,4,NA,0,0,0,0,0,0,0,NA,NA
41,10,17,2017-10-12,1,1,28,-98.0550696,26.129885,5,3N101217,N,3,1,3,1,100,20,4,1,0,0,0,0,0,1,1,,NA
41,10,17,2017-10-12,1,1,29,-98.055106,26.130036,5,5N101217,N,5,1,5,0.5,120,15,3,1,1,0,0,0,0,1,1,0,NA
41,10,17,2017-10-12,1,1,29,-98.055106,26.130036,5,6N101217,N,6,1,5,1,100,10,2,1,0,0,0,0,0,1,1,0,NA
41,10,17,2017-10-12,1,1,29,-98.055106,26.130036,5,7N101217,N,7,1,4,1,45,7,1.5,1,0,0,0,0,0,1,1,1,NA
41,10,17,2017-10-12,1,1,30,-98.055191,26.130147,5,25N101217,N,25,1,3.5,0.5,100,15,6,0,0,0,0,0,0,0,0,0,NA
41,10,17,2017-10-12,1,1,31,-98.055197,26.130204,5,8N101217,N,8,1,4,0.5,25,5,1,1,0,0,0,0,0,0,0,1,NA
41,10,17,2017-10-12,1,1,32,-98.055197,26.130204,5,10N101217,N,10,5,17,12,60,30,6,1,0,0,0,0,1,1,1,1,NA
41,10,17,2017-10-12,1,1,33,-98.055157,26.130569,5,11N101217,N,11,1,3,4,10,1.5,0.3,1,0,0,0,0,0,1,1,0,NA
41,10,17,2017-10-12,1,1,33,-98.055175,26.13054,5,26N101217,N,26,1,1,3,10,1,0.4,1,0,0,0,0,0,1,1,1,NA
41,10,17,2017-10-12,1,1,33,-98.055157,26.130569,5,12N101217,N,12,1,5,2,45,5,1,0,0,0,0,0,0,0,0,0,NA
41,10,17,2017-10-12,1,1,33,-98.055157,26.130569,5,13N101217,N,13,1,7,1,35,9,2,0,0,0,0,0,0,0,0,0,NA
41,10,17,2017-10-12,1,1,34,-98.055199,26.1304957,5,15N101217,N,15,1,3,1,35,6,1.2,1,0,0,0,0,1,1,0,0,NA
41,10,17,2017-10-12,1,1,34,-98.055199,26.1304957,5,16N101217,N,16,1,3,0.5,40,5,1,1,0,0,0,0,1,1,1,0,NA
41,10,17,2017-10-12,1,1,35,-98.0552249,26.1307028,5,17N101217,N,17,1,NA,NA,NA,NA,1,NA,0,0,0,0,0,0,0,NA,BEES!
41,10,17,2017-10-12,1,1,35,-98.0552249,26.1307028,5,18N101217,N,18,1,NA,NA,NA,NA,1,NA,0,0,0,0,0,0,0,NA,BEES!
41,10,17,2017-10-12,1,1,33,-98.055157,26.130569,5,14N101217,N,14,1,3,0.5,NA,5,1,1,0,0,0,0,0,1,1,1,NA
43,10,17,2017-10-25,1,1,58,-98.055012,26.128348,5,37C102517,C,37,1,10.5,3,60,7,1.4,0,0,0,0,0,0,0,0,0,NA
43,10,17,2017-10-25,1,1,58,-98.055013,26.127945,5,67C102517,C,67,3,8.5,0,25,2,0.4,0,0,0,0,0,0,0,0,0,Blue Cooler by couch
43,10,17,2017-10-25,1,1,58,-98.055012,26.128348,5,39C102517,C,39,4,10,4,50,15,3,0,0,0,0,0,0,0,0,0,NA
43,10,17,2017-10-25,1,1,58,-98.055012,26.128348,5,40C102517,C,40,1,4,0.2,75,5,1,1,0,0,0,0,1,0,0,1,NA
43,10,17,2017-10-25,1,1,58,-98.055013,26.127945,5,68C102517,C,68,5,0.5,2,20,0.5,0.1,0,0,0,0,0,0,0,0,0,Toilet
43,10,17,2017-10-25,1,1,58,-98.055012,26.128348,5,41C102517,C,41,1,4,2.5,80,4,0.8,0,0,0,0,0,0,0,0,0,NA
43,10,17,2017-10-25,1,1,58,-98.055004,26.128304,5,42C102517,C,42,4,5,1.5,40,3,0.6,0,0,0,0,0,0,0,0,0,NA
43,10,17,2017-10-25,1,1,56,-98.054993,26.128197,5,33C102517,C,33,3,3,0.2,15,1,0.2,0,0,0,0,0,0,0,0,0,NA
43,10,17,2017-10-25,1,1,57,-98.054959,26.128233,5,34C102517,C,34,4,4.5,1,30,3,0.6,1,0,0,0,0,0,0,1,1,NA
43,10,17,2017-10-25,1,1,55,-98.054958,26.128017,5,28C102517,C,28,1,4,0.2,160,7,1.4,0,0,0,0,0,0,0,0,0,NA
43,10,17,2017-10-25,1,1,55,-98.054958,26.128017,5,29C102517,C,29,4,17,20,30,10,2,0,0,0,0,0,0,0,1,0,NA
43,10,17,2017-10-25,1,1,55,-98.054958,26.128017,5,31C102517,C,31,4,5,4,20,1,0.2,0,0,0,0,0,0,0,0,0,NA
43,10,17,2017-10-25,1,1,54,-98.055045,26.127944,5,25C102517,C,25,1,4.5,0.2,34,1.5,0.3,0,0,0,0,0,0,0,0,0,NA
43,10,17,2017-10-25,1,1,54,-98.055032,26.127929,5,26C102517,C,26,1,5,0.2,50,3.5,0.7,0,0,0,0,0,0,0,0,0,NA
43,10,17,2017-10-25,1,1,54,-98.055045,26.127944,5,21C102517,C,21,4,8,3.5,35,5,1,1,0,0,0,1,1,1,1,0,NA
43,10,17,2017-10-25,1,1,54,-98.055032,26.127929,5,22C102517,C,22,1,3,0.5,100,7,1.4,0,0,0,0,0,0,0,0,0,NA
43,10,17,2017-10-25,1,1,54,-98.055032,26.127929,5,27C102517,C,27,1,1,0.2,10,0.5,0.1,0,0,0,0,0,0,0,0,0,NA
43,10,17,2017-10-25,1,1,54,-98.055012,26.128348,5,56C102517,C,56,4,3,0.5,15,0.5,0.1,1,0,0,0,0,0,1,1,0,NA
43,10,17,2017-10-25,1,1,53,-98.05482,26.127413,5,5C102517,C,5,2,6,1,70,3,0.6,1,0,0,0,0,0,1,1,1,NA
43,10,17,2017-10-25,1,1,53,-98.05482,26.127413,5,6C102517,C,6,1,3.5,1.5,45,2.5,0.5,1,0,0,0,0,0,0,1,0,NA
43,10,17,2017-10-25,1,1,53,-98.05482,26.127413,5,7C102517,C,7,1,1,1.5,22,0.8,0.2,1,0,0,0,0,0,1,1,1,NA
43,10,17,2017-10-25,1,1,53,-98.05482,26.127413,5,9C102517,C,9,1,0.5,1.5,15,0.5,0.1,1,0,0,0,0,0,1,1,1,NA
43,10,17,2017-10-25,1,1,53,-98.05482,26.127413,5,10C102517,C,10,1,5.5,3,30,2,0.4,0,0,0,0,0,0,0,0,1,NA
43,10,17,2017-10-25,1,1,53,-98.05482,26.127413,5,12C102517,C,12,2,1,2,20,1,0.2,1,0,0,0,0,0,1,0,0,NA
43,10,17,2017-10-25,1,1,53,-98.054842,26.127399,5,60C102517,C,60,2,5,3,70,4,0.8,0,0,0,0,1,1,1,0,1,NA
43,10,17,2017-10-25,1,1,53,-98.05482,26.127413,5,15C102517,C,15,1,7,1,39,4,0.8,1,1,0,0,0,0,1,1,0,NA
43,10,17,2017-10-25,1,1,59,-98.055104,26.129732,5,1CN102517,CN,1,4,3.5,1.5,60,5,1,0,0,0,0,0,0,0,0,0,NA
43,10,17,2017-10-25,1,1,60,-98.0550696,26.129885,5,3N102517,N,3,1,4,1,100,6,1.2,1,0,0,0,1,1,1,1,0,NA
43,10,17,2017-10-25,1,1,60,-98.0550696,26.129885,5,2N102517,N,2,1,4,NA,60,6,1.2,0,0,0,0,0,0,0,0,0,NA
43,10,17,2017-10-25,1,1,61,-98.055106,26.130036,5,5N102517,N,5,1,2.5,0.2,80,5,1,1,0,0,0,0,1,1,1,1,NA
43,10,17,2017-10-25,1,1,62,-98.055197,26.130204,5,10N102517,N,10,5,14,25,60,8,1.6,1,0,0,0,0,1,1,1,1,NA
43,10,17,2017-10-25,1,1,63,-98.055157,26.130569,5,12N102517,N,12,1,6,NA,45,4,0.8,0,0,0,0,0,0,0,0,0,NA
43,10,17,2017-10-25,1,1,64,-98.055199,26.1304957,5,15N102517,N,15,1,4,2,60,2.5,0.5,0,0,0,0,0,0,0,0,0,NA
43,10,17,2017-10-25,1,1,64,-98.055199,26.1304957,5,16N102517,N,16,1,1,1.5,30,1,0.2,1,0,0,0,1,1,1,1,0,NA
43,10,17,2017-10-25,1,1,65,-98.0552249,26.1307028,5,18N102517,N,18,1,2.5,0.2,30,2,0.4,0,0,0,0,0,0,0,0,0,NA
44,11,17,2017-11-02,1,1,,-98.05482,26.127413,5,5C110217,C,5,2,5,0.5,70,1.5,0.3,1,1,0,0,0,1,1,1,1,NA
44,11,17,2017-11-02,1,1,,-98.05482,26.127413,5,6C110217,C,6,1,3.5,1,55,2,0.4,1,0,0,0,0,1,1,1,0,NA
44,11,17,2017-11-02,1,1,,-98.05482,26.127413,5,15C110217,C,15,1,3,2,30,1.5,3,1,1,0,0,1,1,1,1,1,NA
44,11,17,2017-11-02,1,1,,-98.055045,26.127944,5,25C110217,C,25,1,1,0.2,20,1,0.2,0,0,0,0,0,0,0,0,0,NA
44,11,17,2017-11-02,1,1,,-98.055032,26.127929,5,26C110217,C,26,1,2,0.4,45,2,0.4,0,0,0,0,0,0,0,0,0,NA
44,11,17,2017-11-02,1,1,,-98.055045,26.127944,5,21C110217,C,21,4,4,2,30,3,0.6,1,1,0,0,0,1,1,1,1,NA
44,11,17,2017-11-02,1,1,,-98.055032,26.127929,5,22C110217,C,22,1,2,0.4,70,3,0.6,0,0,0,0,0,0,0,0,0,NA
44,11,17,2017-11-02,1,1,,-98.054958,26.128017,5,29C110217,C,29,4,18,15,30,6,1.2,0,0,0,0,0,0,0,0,0,NA
44,11,17,2017-11-02,1,1,,-98.054958,26.128017,5,28C110217,C,28,1,2,0.2,100,5,1,0,0,0,0,0,0,0,0,0,NA
44,11,17,2017-11-02,1,1,,-98.054993,26.128197,5,33C110217,C,33,3,0.5,0.2,15,0.5,0.1,1,0,0,0,0,0,1,1,0,NA
44,11,17,2017-11-02,1,1,,-98.054959,26.128233,5,34C110217,C,34,4,2.5,1,30,2.5,0.5,0,0,0,0,0,0,0,0,0,NA
44,11,17,2017-11-02,1,1,,-98.055012,26.128348,5,37C110217,C,37,1,8,2,50,6,1.2,0,0,0,0,0,0,0,0,0,NA
44,11,17,2017-11-02,1,1,,-98.055012,26.128348,5,39C110217,C,39,4,12,5,60,10,2,0,0,0,0,0,0,0,0,0,TV
44,11,17,2017-11-02,1,1,,-98.055012,26.128348,5,40C110217,C,40,1,1.2,0.2,60,2,0.4,1,0,0,0,0,0,0,1,0,NA
44,11,17,2017-11-02,1,1,,-98.055012,26.128348,5,41C110217,C,41,1,2.5,0.3,80,4,0.8,0,0,0,0,0,0,0,0,0,NA
44,11,17,2017-11-02,1,1,,-98.055104,26.129732,5,1CN110217,CN,1,4,2,0.5,30,3,0.6,1,0,0,0,1,1,1,1,1,NA
44,11,17,2017-11-02,1,1,,-98.0550696,26.129885,5,2N110217,N,2,1,1.5,0.1,80,2.5,0.5,0,0,0,0,0,0,0,0,0,NA
44,11,17,2017-11-02,1,1,,-98.0550696,26.129885,5,3N110217,N,3,1,1.5,0.1,80,2.5,0.5,1,1,0,0,0,1,1,1,0,NA
44,11,17,2017-11-02,1,1,,-98.055106,26.130036,5,5N110217,N,5,1,1,0.2,80,3,0.6,1,1,0,0,0,1,1,1,0,NA
44,11,17,2017-11-02,1,1,,-98.055197,26.130204,5,10N110217,N,10,5,18,25,60,8,1.6,1,0,0,0,0,1,1,1,0,NA
44,11,17,2017-11-02,1,1,,-98.055157,26.130569,5,12N110217,N,12,1,2,0,30,2,0.4,0,0,0,0,0,0,0,0,0,NA
44,11,17,2017-11-02,1,1,,-98.055157,26.130569,5,13N110217,N,13,1,4,0.5,25,3,0.6,0,0,0,0,0,0,0,0,0,NA
45,11,17,2017-11-08,1,1,,-98.055104,26.129732,3,1CN110817,CN,1,4,2,1,30,1.5,0.3,1,0,0,0,0,1,1,0,1,Transect 2
45,11,17,2017-11-08,1,1,,-98.0550696,26.129885,3,2N110817,N,2,1,3,0.5,100,6,1.2,1,0,0,0,0,0,1,0,0,NA
45,11,17,2017-11-08,1,1,,-98.0550696,26.129885,3,3N110817,N,3,1,3,0.5,0,3,0.6,1,0,0,0,0,1,1,1,1,NA
45,11,17,2017-11-08,1,1,,-98.055191,26.130147,3,25N110817,N,25,1,2,0.2,100,3.5,0.7,1,0,0,0,0,0,1,1,NA,NA
45,11,17,2017-11-08,1,1,,-98.055197,26.130204,3,10N110817,N,10,5,7,0,60,7,1.4,1,0,0,0,0,1,1,1,1,NA
45,11,17,2017-11-08,1,1,,-98.055157,26.130569,3,12N110817,N,12,1,4.5,2,30,5,1,1,0,0,0,0,0,1,1,1,NA
45,11,17,2017-11-08,1,1,,-98.055157,26.130569,3,13N110817,N,13,1,4,3,10,0.5,0.1,0,0,0,0,0,0,0,0,0,NA
45,11,17,2017-11-08,1,1,,-98.05482,26.127413,1,5C110817,C,5,2,4,0.5,45,2,0.4,1,0,0,0,1,1,0,1,0,NA
45,11,17,2017-11-08,1,1,,-98.05482,26.127413,1,6C110817,C,6,1,1,0,10,0.5,0.1,1,0,0,0,0,0,1,1,1,NA
45,11,17,2017-11-08,1,1,,-98.054958,26.128017,1,29C110817,C,29,4,11,0,30,6,1.2,1,0,1,0,0,1,1,1,1,NA
45,11,17,2017-11-08,1,1,,-98.054958,26.128017,1,28C110817,C,28,1,2,0.5,120,2,0.4,0,0,0,0,0,0,0,0,0,NA
45,11,17,2017-11-08,1,1,,-98.054959,26.128233,1,34C110817,C,34,4,1.5,0.5,30,1,0.2,0,0,0,0,0,0,0,0,0,NA
45,11,17,2017-11-08,1,1,,-98.055012,26.128348,1,37C110817,C,37,1,9,2,45,6,1.2,9,0,0,0,0,0,0,0,0,NA
45,11,17,2017-11-08,1,1,,-98.055013,26.127945,1,66C110817,C,66,1,2,0.5,10,0.5,0.1,0,0,0,0,0,0,0,0,0,NA
45,11,17,2017-11-08,1,1,,-98.055012,26.128348,1,39C110817,C,39,4,7.5,0.5,50,10,2,0,0,0,0,0,0,0,0,0,NA
45,11,17,2017-11-08,1,1,,-98.055012,26.128348,1,40C110817,C,40,1,2,0.5,25,1,0.2,1,0,0,0,0,0,0,1,0,NA
45,11,17,2017-11-08,1,1,,-98.055013,26.127945,1,67C110817,C,67,3,4,0.5,25,3,0.6,0,0,0,0,0,0,0,0,0,New two
45,11,17,2017-11-08,1,1,,-98.055012,26.128348,1,41C110817,C,41,1,3,0.5,35,3,0.6,0,0,0,0,0,0,0,0,0,NA